epoch,train_loss,val_loss,train_acc,val_acc,val_auc,lr
1,7.529672,4.467992,0.276225,0.388064,0.786231,0.00002000
2,2.543920,2.404120,0.552543,0.620389,0.901517,0.00008000
3,1.565190,1.720649,0.727890,0.710411,0.932053,0.00014000
4,1.204178,1.414164,0.826342,0.741559,0.948240,0.00001956
5,1.012787,1.312277,0.880420,0.752680,0.952270,0.00001828
6,0.958168,1.275056,0.893256,0.752629,0.952321,0.00001629
7,0.938101,1.291809,0.904035,0.755346,0.953503,0.00001378
8,0.919243,1.307841,0.907167,0.755296,0.952432,0.00001100
9,0.882880,1.205007,0.915244,0.755799,0.954536,0.00000822
10,0.876364,1.366965,0.916134,0.758215,0.952529,0.00000571
11,0.863481,1.344742,0.922767,0.757711,0.952558,0.00000372
12,0.851200,1.355908,0.923443,0.755548,0.952966,0.00000244
13,0.877886,1.241145,0.926023,0.757460,0.953646,0.00002000
14,0.858225,1.261404,0.925501,0.752629,0.953941,0.00001989
15,0.822791,1.298561,0.931151,0.755045,0.952878,0.00001956
16,0.823328,1.301105,0.934498,0.756554,0.953603,0.00001902
17,0.810085,1.265656,0.937999,0.755598,0.953727,0.00001828
18,0.799284,1.258790,0.941070,0.759976,0.955294,0.00001736
19,0.797303,1.245363,0.944509,0.757561,0.955270,0.00001629
20,0.783469,1.283542,0.946659,0.758064,0.954303,0.00001509
21,0.764310,1.246218,0.951142,0.756554,0.955531,0.00001378
epoch,train_loss,val_loss,train_acc,val_acc,val_auc,lr
1,5.605486,3.070176,0.244718,0.310170,0.758622,0.00001000
2,3.068770,2.245969,0.537618,0.500277,0.855486,0.00002800
3,1.894215,1.613559,0.679769,0.566145,0.906995,0.00004600
4,1.357533,1.388772,0.800762,0.641725,0.929918,0.00006400
5,1.071270,1.259662,0.890308,0.591355,0.937455,0.00008200
6,0.898777,1.207106,0.949975,0.635938,0.938364,0.00000978
7,0.826444,1.148749,0.972147,0.653047,0.941705,0.00000914
8,0.814342,1.157260,0.976293,0.672822,0.943240,0.00000815
9,0.792768,1.151014,0.980377,0.652594,0.942386,0.00000689
10,0.794225,1.139312,0.982435,0.657978,0.942578,0.00000550
11,0.787752,1.145836,0.982312,0.666029,0.943441,0.00000411
12,0.774150,1.150359,0.984216,0.682987,0.943383,0.00000285
13,0.769675,1.160541,0.985413,0.670709,0.942547,0.00000186
14,0.781018,1.168812,0.984031,0.665476,0.942852,0.00000122
15,0.783958,1.161026,0.985321,0.684044,0.943048,0.00001000
16,0.767458,1.187825,0.985813,0.678609,0.941866,0.00000994
17,0.769605,1.156716,0.988484,0.682333,0.942666,0.00000978
18,0.748990,1.163378,0.987931,0.690686,0.943034,0.00000951
19,0.747459,1.149632,0.989006,0.665828,0.943310,0.00000914
20,0.746441,1.135151,0.989559,0.683490,0.944038,0.00000868
21,0.739753,1.144526,0.989375,0.692850,0.945214,0.00000815
22,0.742032,1.150561,0.990296,0.690585,0.945046,0.00000754
23,0.742194,1.137718,0.991187,0.694812,0.944892,0.00000689
24,0.734613,1.141746,0.991617,0.690384,0.944359,0.00000620
25,0.737011,1.130460,0.991371,0.685453,0.945255,0.00000550
26,0.731698,1.123739,0.992384,0.693252,0.945869,0.00000480
27,0.722479,1.129214,0.992446,0.685453,0.944881,0.00000411
28,0.729488,1.130864,0.991709,0.686862,0.945207,0.00000346
29,0.718800,1.125401,0.992876,0.690786,0.945386,0.00000285
30,0.729470,1.116456,0.992446,0.694762,0.945687,0.00000232
31,0.718627,1.115397,0.991709,0.691642,0.945385,0.00000186
32,0.719975,1.136353,0.992384,0.691038,0.944438,0.00000149
33,0.723946,1.137139,0.992292,0.693051,0.944902,0.00000122
34,0.724203,1.130770,0.993029,0.691290,0.944881,0.00000106
35,0.727762,1.116487,0.991647,0.690988,0.945451,0.00001000
36,0.721855,1.160837,0.992200,0.687918,0.943475,0.00000999
37,0.723577,1.117853,0.992937,0.693806,0.945123,0.00000994
38,0.719893,1.125664,0.992538,0.699844,0.945822,0.00000988
39,0.706988,1.114038,0.993613,0.684195,0.946054,0.00000978
40,0.706854,1.113592,0.993367,0.688421,0.945175,0.00000966
41,0.719309,1.145147,0.992630,0.688623,0.944973,0.00000951
42,0.710822,1.118271,0.993428,0.687214,0.945007,0.00000934
43,0.710178,1.150491,0.993428,0.694611,0.943909,0.00000914
44,0.709461,1.092134,0.993275,0.699743,0.946502,0.00000892
45,0.698292,1.113712,0.993428,0.700398,0.946774,0.00000868
46,0.703098,1.108761,0.993275,0.694963,0.946464,0.00000842
47,0.699481,1.110600,0.993674,0.689478,0.944688,0.00000815
48,0.693434,1.110463,0.993766,0.691793,0.944998,0.00000785
49,0.697758,1.126626,0.993735,0.697076,0.946024,0.00000754
50,0.689892,1.118675,0.993797,0.694057,0.945489,0.00000722
51,0.692684,1.116092,0.993735,0.693806,0.945520,0.00000689
52,0.693975,1.107865,0.994565,0.696976,0.946136,0.00000655
53,0.686716,1.106282,0.994319,0.690585,0.945809,0.00000620
54,0.689813,1.113816,0.994073,0.687717,0.945606,0.00000585
55,0.697622,1.121439,0.993336,0.687667,0.944200,0.00000550
56,0.683530,1.126826,0.993950,0.682282,0.945532,0.00000515
57,0.693230,1.120959,0.994411,0.691944,0.945477,0.00000480
58,0.685731,1.106291,0.994165,0.695466,0.946221,0.00000445
59,0.681848,1.097945,0.994350,0.698888,0.946247,0.00000411
1,3.259043,1.758646,0.912915,0.635133,0.00027164
2,1.832950,1.538128,0.939618,0.687415,0.00019739
3,1.532014,1.406735,0.946420,0.707593,0.00010561
4,1.420180,1.415650,0.951923,0.733306,0.00003136
5,1.372802,1.332470,0.952262,0.727620,0.00030000
6,1.325590,1.396494,0.952933,0.720827,0.00029273
7,1.225112,1.323931,0.953174,0.732602,0.00027164
8,1.118114,1.227087,0.956893,0.751019,0.00023879
9,1.045155,1.212257,0.956123,0.748302,0.00019739
10,0.981235,1.212185,0.951089,0.744477,0.00015150
11,0.931690,1.187622,0.954704,0.760076,0.00010561
12,0.904473,1.184081,0.950565,0.756252,0.00006421
13,0.891958,1.152927,0.953612,0.762442,0.00003136
14,0.865389,1.150278,0.954160,0.761485,0.00001027
15,0.891688,1.144023,0.953827,0.764907,0.00030000
16,0.901199,1.211604,0.943232,0.751220,0.00029817
17,0.899093,1.180388,0.950004,0.764807,0.00029273
18,0.873129,1.206755,0.945488,0.743823,0.00028381
19,0.849118,1.166316,0.952809,0.763699,0.00027164
20,0.830375,1.176337,0.952225,0.755346,0.00025651
21,0.818605,1.239244,0.945902,0.746792,0.00023879
22,0.801381,1.199222,0.948989,0.763599,0.00021892
23,0.797073,1.199472,0.948651,0.749660,0.00019739
24,0.777323,1.221255,0.944953,0.752579,0.00017473
25,0.767537,1.150764,0.950666,0.769386,0.00015150
26,0.784884,1.163427,0.949926,0.765561,0.00012827
27,0.767490,1.187301,0.947488,0.760781,0.00010561
28,0.769149,1.171597,0.947078,0.764857,0.00008408
29,0.763224,1.141139,0.951488,0.764354,0.00006421
30,0.744436,1.158648,0.951321,0.763699,0.00004649
31,0.745079,1.177836,0.948923,0.759120,0.00003136
32,0.743187,1.203249,0.944207,0.753032,0.00001919
33,0.751889,1.196544,0.946711,0.757108,0.00001027
34,0.741829,1.181098,0.947338,0.754642,0.00000483
35,0.747165,1.222796,0.944009,0.750063,0.00030000
1,4.260978,1.991244,0.885970,0.556333,0.00019878
2,2.321470,1.852759,0.916480,0.632416,0.00019515
3,1.943548,1.722195,0.932210,0.672370,0.00018921
4,1.729900,1.758072,0.940580,0.695768,0.00018109
5,1.547111,1.667315,0.945306,0.703769,0.00017100
6,1.458441,1.555090,0.949718,0.721934,0.00015919
7,1.360246,1.418455,0.953241,0.729432,0.00014595
8,1.293595,1.440317,0.955756,0.748503,0.00013159
9,1.278309,1.369269,0.955076,0.731898,0.00011649
10,1.231143,1.404968,0.954917,0.745786,0.00010100
11,1.172606,1.338408,0.958067,0.753736,0.00008551
12,1.172759,1.365655,0.958317,0.757108,0.00007041
13,1.161887,1.378665,0.958736,0.755346,0.00005605
14,1.114429,1.328928,0.958284,0.757862,0.00004281
15,1.113001,1.364737,0.957555,0.751472,0.00003100
16,1.082622,1.340004,0.957922,0.757812,0.00002091
17,1.062613,1.319882,0.959214,0.758768,0.00001279
18,1.067070,1.308564,0.958749,0.757812,0.00000685
19,1.054254,1.337405,0.958660,0.756806,0.00000322
20,1.083084,1.330640,0.958410,0.758064,0.00020000
21,1.060045,1.407054,0.956581,0.748251,0.00019969
22,1.029003,1.349758,0.953840,0.736779,0.00019878
23,0.972910,1.223372,0.955391,0.747849,0.00019726
24,0.921552,1.215334,0.950108,0.729533,0.00019515
25,0.880445,1.170272,0.953371,0.746792,0.00019246
26,0.882206,1.134815,0.957845,0.757510,0.00018921
27,0.862586,1.151187,0.953539,0.751522,0.00018541
28,0.831406,1.154885,0.951819,0.745635,0.00018109
29,0.819879,1.131302,0.952127,0.756755,0.00017628
30,0.827841,1.158847,0.951746,0.747396,0.00017100
31,0.826403,1.171286,0.952824,0.749157,0.00016530
32,0.815670,1.149728,0.952331,0.751774,0.00015919
33,0.799095,1.113306,0.954895,0.761687,0.00015273
34,0.804097,1.154975,0.951123,0.751975,0.00014595
35,0.782054,1.127195,0.951869,0.763297,0.00013889
36,0.788178,1.137253,0.952315,0.755950,0.00013159
37,0.770200,1.141268,0.950031,0.758114,0.00012411
38,0.779338,1.142160,0.954035,0.759070,0.00011649
39,0.750123,1.145242,0.953172,0.753082,0.00010877
40,0.767173,1.156031,0.954049,0.758064,0.00010100
41,0.771056,1.129675,0.954045,0.762291,0.00009323
42,0.764529,1.176067,0.946899,0.742213,0.00008551
43,0.745365,1.131528,0.952691,0.764706,0.00007789
44,0.757225,1.125873,0.953242,0.764354,0.00007041
45,0.744228,1.132740,0.952442,0.760328,0.00006311
46,0.741063,1.130820,0.953499,0.764756,0.00005605
47,0.772929,1.112397,0.953518,0.766065,0.00004927
48,0.757608,1.111478,0.954345,0.768128,0.00004281
49,0.743822,1.129789,0.951470,0.763196,0.00003670
50,0.741664,1.136655,0.953113,0.765712,0.00003100
51,0.730302,1.117707,0.953750,0.766668,0.00002572
52,0.757300,1.136394,0.953684,0.765209,0.00002091
53,0.732717,1.127287,0.952781,0.766417,0.00001659
54,0.750245,1.125249,0.953792,0.767675,0.00001279
55,0.745936,1.124109,0.954093,0.765310,0.00000954
56,0.737378,1.124023,0.953072,0.765108,0.00000685
57,0.743722,1.119358,0.953510,0.765763,0.00000474
58,0.756041,1.136358,0.953517,0.764454,0.00000322
59,0.753908,1.124206,0.953490,0.763649,0.00000231
60,0.740352,1.121468,0.953912,0.764102,0.00020000
61,0.737034,1.171728,0.949842,0.756001,0.00019992
62,0.755845,1.163209,0.948335,0.753535,0.00019969
63,0.748022,1.108748,0.956143,0.769184,0.00019931
64,0.757949,1.153021,0.949519,0.754390,0.00019878
65,0.759700,1.143981,0.950280,0.755195,0.00019810
66,0.757915,1.169708,0.949862,0.759473,0.00019726
67,0.743457,1.152114,0.948678,0.758114,0.00019628
68,0.740387,1.188357,0.946124,0.741509,0.00019515
69,0.745012,1.187206,0.945652,0.746541,0.00019388
70,0.753202,1.143535,0.949928,0.755397,0.00019246
71,0.730941,1.149276,0.951174,0.754541,0.00019091
72,0.723664,1.175717,0.949970,0.756906,0.00018921
73,0.737362,1.157882,0.949256,0.756554,0.00018738
74,0.721398,1.165739,0.944860,0.751220,0.00018541
75,0.726128,1.158971,0.948141,0.752680,0.00018332
76,0.739450,1.145407,0.947652,0.756755,0.00018109
77,0.739148,1.125264,0.951822,0.767121,0.00017875
78,0.731411,1.162541,0.948865,0.753938,0.00017628
1,10.032838,5.108855,0.491770,0.092890,0.00000001
2,10.077464,5.081567,0.492712,0.093997,0.00000001
3,10.046787,5.081596,0.493533,0.095255,0.00000002
4,9.972041,5.121278,0.493314,0.095607,0.00000002
5,10.018643,5.086928,0.491761,0.092840,0.00000003
6,10.027884,5.114115,0.491845,0.094601,0.00000003
7,9.948584,5.113766,0.494180,0.095557,0.00000004
8,9.964113,5.109078,0.495332,0.096563,0.00000004
9,10.004341,5.176111,0.494060,0.096362,0.00000005
10,9.932862,5.020803,0.497387,0.095456,0.00000005
11,9.872480,5.064598,0.497349,0.096261,0.00000006
12,9.900939,4.999219,0.501883,0.098526,0.00000006
13,9.904085,5.024321,0.500761,0.097217,0.00000007
14,9.804640,5.020851,0.502835,0.099532,0.00000007
15,9.800682,5.023910,0.503269,0.098979,0.00000008
16,9.785958,5.026101,0.506183,0.102149,0.00000009
17,9.775633,4.969279,0.508871,0.102400,0.00000009
18,9.675163,4.901060,0.509062,0.104665,0.00000010
19,9.674310,4.946513,0.513473,0.105772,0.00000010
20,9.630451,4.948759,0.514316,0.107181,0.00000011
21,9.621759,4.937778,0.516267,0.108388,0.00000011
22,9.511473,4.890775,0.521754,0.110602,0.00000012
23,9.477883,4.893812,0.521534,0.110602,0.00000012
24,9.491582,4.891045,0.522269,0.113823,0.00000013
25,9.435226,4.875231,0.527899,0.116137,0.00000013
26,9.421709,4.851150,0.531443,0.116288,0.00000014
27,9.323337,4.877186,0.533018,0.117194,0.00000014
28,9.281051,4.669132,0.537961,0.122327,0.00000015
29,9.190101,4.734680,0.540748,0.124239,0.00000015
30,9.148553,4.716611,0.543003,0.127409,0.00000016
31,9.135752,4.754435,0.546726,0.128768,0.00000016
32,9.029008,4.736980,0.551733,0.132340,0.00000016
33,9.099400,4.676733,0.557549,0.135913,0.00000016
34,9.023388,4.571935,0.560055,0.138278,0.00000016
35,8.931535,4.519289,0.565398,0.140895,0.00000016
36,8.734668,4.572908,0.568336,0.145927,0.00000016
37,8.805591,4.551528,0.570219,0.147034,0.00000016
38,8.669839,4.492981,0.574998,0.148594,0.00000016
39,8.703309,4.519790,0.579879,0.151562,0.00000016
40,8.597974,4.443335,0.583894,0.154330,0.00000016
41,8.507011,4.373629,0.589590,0.160117,0.00000016
42,8.419018,4.328836,0.592255,0.159563,0.00000016
43,8.471928,4.408717,0.593518,0.161123,0.00000016
44,8.379131,4.304808,0.601815,0.166910,0.00000016
45,8.301015,4.321959,0.604660,0.169174,0.00000016
46,8.289118,4.308087,0.608263,0.175313,0.00000016
47,8.223865,4.195078,0.611745,0.175162,0.00000016
48,8.130160,4.193317,0.613808,0.177074,0.00000016
49,8.119895,4.129966,0.618574,0.179792,0.00000016
50,8.002497,4.129170,0.620361,0.184773,0.00000016
51,7.916422,4.137316,0.627762,0.190510,0.00000016
52,7.947289,4.051572,0.630642,0.198007,0.00000016
53,7.816920,4.039047,0.634622,0.197605,0.00000016
54,7.737671,3.979664,0.637839,0.203945,0.00000016
55,7.688869,3.893417,0.643248,0.206511,0.00000016
56,7.614158,3.995191,0.643795,0.207467,0.00000016
57,7.572033,3.989433,0.649042,0.210939,0.00000016
58,7.450498,3.963968,0.653125,0.216022,0.00000016
59,7.409480,3.857732,0.657728,0.221909,0.00000016
60,7.371330,3.848336,0.660662,0.223872,0.00000016
61,7.259595,3.845487,0.658646,0.222211,0.00000016
62,7.190818,3.783572,0.666145,0.232476,0.00000016
63,7.084354,3.676928,0.671184,0.236955,0.00000016
64,7.110059,3.797669,0.673039,0.238062,0.00000016
65,6.986884,3.734573,0.676593,0.241987,0.00000016
1,3.898681,2.637770,0.879184,0.546269,0.00036219
2,2.110336,1.952002,0.918063,0.641725,0.00026319
3,1.710249,1.825424,0.932328,0.678509,0.00014081
4,1.606220,1.619568,0.940807,0.697177,0.00004181
5,1.533610,1.624517,0.943029,0.699945,0.00040000
6,1.403248,1.343779,0.945273,0.704171,0.00039031
7,1.322974,1.671486,0.945808,0.708499,0.00036219
8,1.215749,1.530791,0.942138,0.698234,0.00031838
9,1.162229,1.481688,0.947025,0.729533,0.00026319
10,1.113465,1.662199,0.946676,0.722588,0.00020200
11,1.077525,1.432859,0.950868,0.737533,0.00014081
12,1.055268,1.418229,0.949449,0.740452,0.00008562
13,1.036646,1.435496,0.950962,0.750214,0.00004181
14,1.017422,1.369096,0.952605,0.749761,0.00001369
15,0.983001,1.340013,0.952608,0.747547,0.00040000
16,1.075909,1.533782,0.945355,0.721179,0.00039756
17,1.013293,1.307748,0.949767,0.740100,0.00039031
18,1.012875,1.355082,0.949974,0.738942,0.00037842
19,0.972471,1.512842,0.944222,0.712323,0.00036219
20,0.942468,1.285434,0.947405,0.744125,0.00034201
21,0.953930,1.403822,0.941201,0.733759,0.00031838
22,0.910519,1.338778,0.946718,0.743270,0.00029189
23,0.870626,1.362368,0.951261,0.749761,0.00026319
24,0.868796,1.294761,0.951950,0.753032,0.00023297
25,0.897474,1.267494,0.952532,0.759573,0.00020200
26,0.860934,1.236416,0.951133,0.756705,0.00017103
27,0.837528,1.260729,0.951758,0.757862,0.00014081
28,0.823408,1.310878,0.948723,0.757208,0.00011211
29,0.854993,1.280024,0.945830,0.754994,0.00008562
30,0.803837,1.273704,0.947029,0.759523,0.00006199
31,0.804635,1.286140,0.947167,0.758668,0.00004181
32,0.833294,1.269452,0.947737,0.762794,0.00002558
33,0.758981,1.233493,0.947773,0.762140,0.00001369
34,0.803091,1.294239,0.947732,0.759523,0.00000644
35,0.838917,1.277659,0.948028,0.759372,0.00040000
36,0.817958,1.303070,0.946910,0.737785,0.00039939
37,0.858366,1.231022,0.945121,0.739747,0.00039756
38,0.807692,1.280235,0.945514,0.746490,0.00039453
39,0.811246,1.241936,0.947467,0.740502,0.00039031
40,0.797124,1.223015,0.945313,0.748553,0.00038493
41,0.758347,1.246347,0.945168,0.735118,0.00037842
42,0.759731,1.229088,0.942783,0.731243,0.00037082
43,0.777269,1.228021,0.941546,0.736628,0.00036219
44,0.749055,1.233839,0.945356,0.742465,0.00035256
45,0.749209,1.215333,0.947888,0.745534,0.00034201
46,0.742516,1.200953,0.947541,0.751874,0.00033059
47,0.733029,1.217461,0.944729,0.751975,0.00031838
48,0.737574,1.256527,0.943107,0.743219,0.00030545
1,1.688019,0.847179,0.935701,0.675389,0.00027164
2,0.599022,0.590238,0.956174,0.735370,0.00019739
3,0.440577,0.539364,0.966223,0.758215,0.00010561
4,0.391161,0.562648,0.968672,0.768430,0.00003136
5,0.299654,0.490223,0.969677,0.788356,0.00030000
6,0.378487,0.651493,0.957232,0.731797,0.00029273
7,0.394186,0.543183,0.964107,0.760580,0.00027164
8,0.344265,0.648066,0.963857,0.764354,0.00023879
9,0.292048,0.673302,0.964082,0.765259,0.00019739
10,0.279602,0.585995,0.959288,0.773411,0.00015150
11,0.211500,0.583071,0.966234,0.784129,0.00010561
12,0.253004,0.548465,0.962153,0.785438,0.00006421
13,0.246539,0.558589,0.970774,0.797263,0.00003136
14,0.218445,0.548902,0.969900,0.794948,0.00001027
15,0.240632,0.563563,0.971182,0.796558,0.00030000
16,0.301849,0.588380,0.959335,0.760731,0.00029817
17,0.279413,0.634914,0.963675,0.767826,0.00029273
18,0.230634,0.597104,0.957060,0.764102,0.00028381
19,0.253147,0.731056,0.960797,0.758869,0.00027164
20,0.237759,0.611115,0.954669,0.749459,0.00025651
1,15.241345,7.930999,0.572654,0.154028,0.00000100
1,2.718674,1.055609,0.908570,0.623409,0.00009055
2,1.106249,0.737763,0.937869,0.712424,0.00006580
3,0.756009,0.676935,0.948557,0.723947,0.00003520
4,0.646864,0.687864,0.952360,0.746490,0.00001045
5,0.590498,0.642848,0.953366,0.760479,0.00010000
6,0.584454,0.627635,0.956589,0.752478,0.00009758
7,0.511439,0.651231,0.957670,0.739395,0.00009055
8,0.431091,0.583354,0.963865,0.762140,0.00007960
9,0.414387,0.680932,0.960756,0.772254,0.00006580
10,0.370430,0.610888,0.965593,0.780808,0.00005050
11,0.328929,0.548364,0.966215,0.779097,0.00003520
12,0.297480,0.550257,0.968756,0.780557,0.00002140
13,0.322050,0.594468,0.968462,0.789664,0.00001045
14,0.296181,0.508566,0.969079,0.788306,0.00000342
15,0.306627,0.571409,0.968487,0.789815,0.00010000
16,0.324418,0.576707,0.967587,0.779550,0.00009939
17,0.335471,0.521325,0.968000,0.785287,0.00009758
18,0.325501,0.558182,0.963393,0.765259,0.00009460
19,0.272348,0.577314,0.968499,0.789966,0.00009055
20,0.279057,0.514454,0.967721,0.779550,0.00008550
21,0.291534,0.561287,0.969641,0.795401,0.00007960
22,0.278471,0.630034,0.966678,0.788406,0.00007297
23,0.264437,0.573805,0.969251,0.790218,0.00006580
24,0.259507,0.692846,0.966609,0.786746,0.00005824
25,0.258537,0.595353,0.968893,0.781513,0.00005050
26,0.246598,0.528680,0.970867,0.795300,0.00004276
27,0.235021,0.617669,0.968376,0.791174,0.00003520
28,0.237388,0.573023,0.969510,0.797162,0.00002803
29,0.233482,0.565373,0.971108,0.796608,0.00002140
30,0.246290,0.569588,0.972042,0.796407,0.00001550
31,0.235224,0.530298,0.971647,0.799477,0.00001045
32,0.225169,0.495707,0.972043,0.800030,0.00000640
33,0.253760,0.551344,0.971778,0.797464,0.00000342
34,0.239701,0.456883,0.972089,0.801892,0.00000161
35,0.209837,0.522171,0.972245,0.800835,0.00010000
36,0.242345,0.555284,0.967533,0.782368,0.00009985
37,0.281084,0.632420,0.967632,0.771902,0.00009939
38,0.225443,0.540042,0.967405,0.790922,0.00009863
39,0.249737,0.596114,0.964703,0.787048,0.00009758
40,0.251588,0.571138,0.967010,0.790168,0.00009623
41,0.224876,0.630665,0.967065,0.785287,0.00009460
42,0.228957,0.517257,0.965825,0.788557,0.00009271
43,0.230379,0.567552,0.960372,0.789815,0.00009055
44,0.220851,0.533563,0.966313,0.784632,0.00008814
45,0.223779,0.558793,0.966260,0.785387,0.00008550
46,0.230490,0.547557,0.967915,0.788759,0.00008265
47,0.247377,0.556999,0.968848,0.791979,0.00007960
48,0.224287,0.609994,0.969039,0.790117,0.00007636
49,0.196989,0.537570,0.969559,0.789010,0.00007297
50,0.228150,0.620903,0.962835,0.787299,0.00006944
51,0.200211,0.697444,0.965537,0.788356,0.00006580
52,0.229631,0.568528,0.967551,0.784431,0.00006206
53,0.197779,0.565280,0.966042,0.786192,0.00005824
1,2.677384,1.184609,0.903820,0.630504,0.00009055
2,1.021931,0.730403,0.941602,0.703517,0.00006580
3,0.727084,0.730071,0.949459,0.743119,0.00003520
4,0.556909,0.641884,0.953297,0.761033,0.00001045
5,0.526032,0.607172,0.958109,0.767675,0.00010000
6,0.464383,0.716273,0.956524,0.760127,0.00009758
7,0.449276,0.663616,0.961079,0.765461,0.00009055
8,0.390886,0.554478,0.964585,0.784280,0.00007960
9,0.387607,0.517703,0.963205,0.778393,0.00006580
10,0.325527,0.583582,0.965050,0.786897,0.00005050
11,0.304804,0.523799,0.968368,0.792633,0.00003520
12,0.319363,0.568986,0.966959,0.793489,0.00002140
13,0.283041,0.550441,0.966814,0.790721,0.00001045
14,0.273496,0.511391,0.969022,0.800081,0.00000342
15,0.254453,0.477680,0.969512,0.800131,0.00010000
16,0.332796,0.567556,0.965786,0.776833,0.00009939
17,0.300981,0.586700,0.967685,0.786394,0.00009758
18,0.314421,0.593215,0.969345,0.787400,0.00009460
19,0.271510,0.526692,0.966991,0.785941,0.00009055
20,0.283485,0.491330,0.969326,0.785890,0.00008550
21,0.238877,0.536214,0.964592,0.790721,0.00007960
22,0.282273,0.542350,0.967420,0.790218,0.00007297
23,0.255292,0.514656,0.968719,0.794092,0.00006580
24,0.252015,0.594236,0.966234,0.797464,0.00005824
25,0.244225,0.563577,0.968370,0.789161,0.00005050
26,0.238104,0.533820,0.969973,0.797112,0.00004276
27,0.241756,0.526335,0.969598,0.800986,0.00003520
28,0.241357,0.510302,0.971041,0.805112,0.00002803
29,0.227697,0.574258,0.969389,0.803955,0.00002140
30,0.245723,0.522680,0.969261,0.806924,0.00001550
31,0.216945,0.527339,0.968293,0.807327,0.00001045
32,0.215929,0.486077,0.970285,0.812761,0.00000640
33,0.231250,0.538336,0.969919,0.809138,0.00000342
34,0.213686,0.503255,0.970512,0.809591,0.00000161
35,0.235117,0.541276,0.970574,0.809943,0.00010000
36,0.241342,0.499079,0.969543,0.795703,0.00009985
37,0.228005,0.610756,0.967517,0.785035,0.00009939
38,0.229688,0.562443,0.968104,0.794797,0.00009863
39,0.231693,0.579464,0.964896,0.791778,0.00009758
40,0.233225,0.570710,0.966704,0.791224,0.00009623
41,0.222596,0.633029,0.966916,0.785991,0.00009460
42,0.232828,0.628114,0.969540,0.796508,0.00009271
43,0.236013,0.616196,0.964639,0.785890,0.00009055
44,0.233773,0.568923,0.968664,0.796307,0.00008814
45,0.213520,0.696268,0.966820,0.782519,0.00008550
46,0.233359,0.567118,0.965204,0.786545,0.00008265
47,0.217846,0.574313,0.967273,0.802345,0.00007960
48,0.206993,0.577371,0.967250,0.800684,0.00007636
49,0.193251,0.538887,0.969533,0.800231,0.00007297
50,0.207411,0.550311,0.968514,0.798621,0.00006944
51,0.214337,0.550423,0.968448,0.797816,0.00006580
52,0.196714,0.539438,0.966718,0.798772,0.00006206
53,0.210662,0.548894,0.963244,0.801288,0.00005824
54,0.209386,0.508922,0.966906,0.808836,0.00005438
55,0.187222,0.592470,0.966440,0.796608,0.00005050
56,0.183842,0.674660,0.966225,0.795854,0.00004662
57,0.186573,0.615312,0.968078,0.798923,0.00004276
1,2.491167,0.968625,0.912876,0.636542,0.00009055
2,0.932188,0.863356,0.939196,0.693504,0.00006580
3,0.614871,0.772605,0.950804,0.743773,0.00003520
4,0.561771,0.669139,0.955778,0.753636,0.00001045
5,0.505121,0.595804,0.958289,0.756001,0.00010000
6,0.491108,0.873294,0.953843,0.764756,0.00009758
7,0.430528,0.898008,0.962774,0.769788,0.00009055
8,0.380898,0.583040,0.963448,0.774770,0.00007960
9,0.324437,0.546652,0.966382,0.782569,0.00006580
10,0.322000,0.611550,0.965941,0.774468,0.00005050
11,0.342246,0.547196,0.969266,0.770845,0.00003520
12,0.303624,0.523653,0.967049,0.785840,0.00002140
13,0.288761,0.557820,0.968564,0.787350,0.00001045
14,0.267310,0.513234,0.969497,0.790922,0.00000342
15,0.299897,0.583066,0.969796,0.791476,0.00010000
16,0.270859,0.526890,0.965176,0.768580,0.00009939
17,0.295973,0.643218,0.959880,0.751019,0.00009758
18,0.307259,0.606428,0.966198,0.761536,0.00009460
19,0.283511,0.468054,0.968913,0.788054,0.00009055
20,0.266857,0.483771,0.968014,0.778544,0.00008550
21,0.257762,0.494720,0.970429,0.782066,0.00007960
22,0.262893,0.545281,0.969801,0.789161,0.00007297
23,0.248915,0.615877,0.971079,0.794898,0.00006580
24,0.249006,0.495289,0.972449,0.800433,0.00005824
25,0.219376,0.611901,0.969957,0.786595,0.00005050
26,0.231889,0.588806,0.969165,0.794596,0.00004276
27,0.215544,0.523571,0.970343,0.796407,0.00003520
28,0.249868,0.511967,0.969910,0.797363,0.00002803
29,0.212280,0.542942,0.969612,0.796055,0.00002140
30,0.244589,0.587214,0.968242,0.794596,0.00001550
31,0.219856,0.547718,0.970397,0.801288,0.00001045
32,0.220446,0.647535,0.970619,0.805817,0.00000640
33,0.232443,0.525205,0.971462,0.805062,0.00000342
34,0.216504,0.503804,0.970901,0.806421,0.00000161
35,0.227539,0.486715,0.971540,0.808132,0.00010000
36,0.247097,0.580718,0.963842,0.797967,0.00009985
37,0.234317,0.583906,0.962662,0.776883,0.00009939
38,0.236292,0.521107,0.966355,0.787249,0.00009863
39,0.259146,0.668507,0.965142,0.787299,0.00009758
40,0.226858,0.553333,0.965507,0.785387,0.00009623
41,0.236212,0.601536,0.964267,0.777034,0.00009460
42,0.225154,0.538208,0.968569,0.786746,0.00009271
43,0.250126,0.633241,0.967269,0.798621,0.00009055
44,0.231351,0.850854,0.963442,0.781613,0.00008814
45,0.224540,0.662978,0.962713,0.789061,0.00008550
46,0.235776,0.710622,0.960392,0.792382,0.00008265
47,0.227502,0.635109,0.960749,0.782066,0.00007960
48,0.208528,0.682897,0.964107,0.793589,0.00007636
49,0.201379,0.768952,0.963158,0.783978,0.00007297
50,0.235913,0.596320,0.967185,0.802949,0.00006944
51,0.217857,0.668269,0.968610,0.796709,0.00006580
52,0.222574,0.594107,0.968328,0.811302,0.00006206
53,0.209105,0.693316,0.965475,0.795552,0.00005824
54,0.197938,0.613863,0.970850,0.806471,0.00005438
55,0.179735,0.635020,0.969115,0.805918,0.00005050
56,0.190640,0.700903,0.968943,0.803704,0.00004662
57,0.188037,0.838941,0.968185,0.794193,0.00004276
58,0.201111,0.759994,0.968806,0.798621,0.00003894
59,0.178326,0.758602,0.968946,0.800533,0.00003520
60,0.189041,0.593505,0.968855,0.806874,0.00003156
1,2.526613,0.892244,0.920025,0.635737,0.00009055
2,0.962873,0.638490,0.948121,0.716349,0.00006580
3,0.682706,0.597588,0.955784,0.747144,0.00003520
4,0.566335,0.568488,0.957888,0.756856,0.00001045
5,0.488337,0.548593,0.961845,0.767775,0.00010000
6,0.534350,0.542359,0.966000,0.761586,0.00009758
7,0.416859,0.559732,0.965034,0.771801,0.00009055
8,0.367662,0.622300,0.962792,0.767071,0.00007960
9,0.366987,0.594544,0.966119,0.781764,0.00006580
10,0.298248,0.644046,0.969009,0.781764,0.00005050
11,0.359893,0.535080,0.967468,0.786897,0.00003520
12,0.305509,0.576390,0.967596,0.795300,0.00002140
13,0.291136,0.581482,0.967382,0.792935,0.00001045
14,0.350990,0.552193,0.966708,0.791878,0.00000342
15,0.253805,0.607531,0.968265,0.797061,0.00010000
16,0.338021,0.639834,0.965673,0.777135,0.00009939
17,0.307488,0.562257,0.966854,0.781462,0.00009758
18,0.294803,0.549715,0.963696,0.788205,0.00009460
19,0.273587,0.651599,0.967360,0.787652,0.00009055
20,0.277346,0.631375,0.966107,0.790369,0.00008550
21,0.270266,0.667885,0.967211,0.788054,0.00007960
22,0.271747,0.621450,0.966027,0.788306,0.00007297
23,0.246108,0.567801,0.968678,0.799728,0.00006580
24,0.272014,0.618028,0.965921,0.792834,0.00005824
25,0.260607,0.589900,0.968600,0.797363,0.00005050
26,0.230386,0.563156,0.967458,0.794797,0.00004276
27,0.252306,0.563223,0.968071,0.799678,0.00003520
28,0.236616,0.603775,0.967472,0.793287,0.00002803
29,0.222790,0.526154,0.968304,0.795602,0.00002140
30,0.267726,0.503456,0.966285,0.795501,0.00001550
31,0.218147,0.541529,0.967104,0.795350,0.00001045
32,0.220187,0.556571,0.967670,0.796458,0.00000640
33,0.213037,0.585683,0.968694,0.800684,0.00000342
34,0.220030,0.518755,0.968523,0.800634,0.00000161
35,0.253929,0.606780,0.968050,0.799225,0.00010000
36,0.252744,0.709385,0.963934,0.775474,0.00009985
37,0.267513,0.612605,0.962423,0.788004,0.00009939
38,0.231764,0.547696,0.969285,0.799326,0.00009863
39,0.245916,0.748724,0.962142,0.785790,0.00009758
40,0.274578,0.581877,0.967915,0.790319,0.00009623
41,0.215538,0.562871,0.963188,0.781714,0.00009460
42,0.256183,0.636295,0.963040,0.788608,0.00009271
43,0.228340,0.625020,0.965999,0.788608,0.00009055
44,0.239310,0.673495,0.964351,0.788306,0.00008814
45,0.216950,0.608500,0.967508,0.788809,0.00008550
46,0.220035,0.560546,0.966480,0.794143,0.00008265
47,0.196333,0.642278,0.964226,0.791828,0.00007960
48,0.213029,0.554029,0.965585,0.786696,0.00007636
49,0.198354,0.644402,0.964151,0.787551,0.00007297
50,0.243862,0.619467,0.966232,0.789916,0.00006944
51,0.222578,0.617306,0.963670,0.787752,0.00006580
52,0.225362,0.584937,0.963714,0.798973,0.00006206
53,0.195955,0.666430,0.962340,0.794042,0.00005824
54,0.232257,0.523929,0.963827,0.796709,0.00005438
55,0.171326,0.621193,0.965698,0.793036,0.00005050
56,0.209612,0.650668,0.965277,0.793338,0.00004662
57,0.182608,0.633933,0.964194,0.797263,0.00004276
58,0.185344,0.597286,0.967705,0.795149,0.00003894
59,0.209125,0.600694,0.967048,0.793338,0.00003520
1,2.650061,1.044296,0.911741,0.607407,0.00009055
2,0.901629,0.683318,0.946667,0.699743,0.00006580
3,0.659115,0.612565,0.956352,0.723192,0.00003520
4,0.546896,0.623169,0.959042,0.751673,0.00001045
5,0.484714,0.595713,0.960553,0.762442,0.00010000
6,0.481206,0.637590,0.959321,0.753132,0.00009758
7,0.398493,0.599133,0.963180,0.760177,0.00009055
8,0.408077,0.619256,0.964349,0.752327,0.00007960
9,0.361808,0.616587,0.964756,0.778695,0.00006580
10,0.333560,0.620169,0.963998,0.770241,0.00005050
11,0.324605,0.551353,0.969141,0.788406,0.00003520
12,0.243833,0.538168,0.966625,0.790117,0.00002140
13,0.285890,0.562728,0.967314,0.792784,0.00001045
14,0.297313,0.543153,0.967749,0.793287,0.00000342
15,0.286779,0.521033,0.968354,0.793589,0.00010000
16,0.328056,0.569913,0.966097,0.781110,0.00009939
17,0.327846,0.560695,0.966951,0.772606,0.00009758
18,0.292669,0.545390,0.969174,0.794696,0.00009460
19,0.289299,0.621858,0.963880,0.768128,0.00009055
20,0.320853,0.536304,0.969753,0.785639,0.00008550
21,0.228230,0.577439,0.963480,0.769486,0.00007960
22,0.257350,0.579258,0.971135,0.796910,0.00007297
23,0.266909,0.549660,0.969411,0.792583,0.00006580
1,0.259576,0.616506,0.969503,0.796206,0.00005824
2,0.236617,0.567449,0.970168,0.796508,0.00005050
3,0.266369,0.545516,0.969521,0.793237,0.00004276
4,0.208395,0.546031,0.970219,0.793841,0.00003520
5,0.274814,0.546258,0.968154,0.788457,0.00002803
6,0.244494,0.516372,0.970872,0.798823,0.00002140
7,0.267991,0.542851,0.969650,0.796810,0.00001550
8,0.224168,0.503626,0.970855,0.799426,0.00001045
9,0.224940,0.539380,0.970645,0.797263,0.00000640
10,0.229021,0.495129,0.971528,0.801238,0.00000342
11,0.232555,0.480848,0.971323,0.799477,0.00000161
12,0.231598,0.492339,0.971212,0.801942,0.00010000
13,0.265386,0.647336,0.964738,0.780204,0.00009985
14,0.250223,0.517724,0.967777,0.786796,0.00009939
15,0.258344,0.730396,0.965728,0.783475,0.00009863
16,0.224215,0.707804,0.966649,0.787652,0.00009758
17,0.225443,0.684483,0.967042,0.783978,0.00009623
18,0.246555,0.768181,0.963115,0.784582,0.00009460
19,0.247717,0.608522,0.968397,0.794948,0.00009271
20,0.218168,0.696554,0.966367,0.788759,0.00009055
21,0.256331,0.708774,0.966957,0.791627,0.00008814
22,0.215809,0.573529,0.967022,0.784180,0.00008550
23,0.231042,0.595302,0.968981,0.797011,0.00008265
24,0.220940,0.608836,0.965315,0.784934,0.00007960
25,0.255333,0.543853,0.966369,0.797514,0.00007636
26,0.213022,0.569692,0.964924,0.801188,0.00007297
27,0.226765,0.531380,0.966482,0.796860,0.00006944
28,0.210421,0.579160,0.967607,0.793489,0.00006580
29,0.207915,0.575321,0.968483,0.794696,0.00006206
30,0.207982,0.574320,0.965344,0.787551,0.00005824
31,0.199191,0.566460,0.967429,0.801640,0.00005438
32,0.206703,0.749475,0.963923,0.786746,0.00005050
33,0.194366,0.670151,0.966996,0.793187,0.00004662
34,0.188782,0.613442,0.966664,0.795350,0.00004276
35,0.191949,0.636319,0.967597,0.792985,0.00003894
36,0.221052,0.582254,0.968368,0.797766,0.00003520
37,0.193534,0.518144,0.967383,0.801842,0.00003156
38,0.202505,0.578248,0.966927,0.794696,0.00002803
39,0.217857,0.976713,0.961327,0.788155,0.00002464
40,0.184493,0.614371,0.965729,0.797112,0.00002140
41,0.214896,0.717441,0.966647,0.801791,0.00001835
1,2.738063,1.075625,0.916259,0.638253,0.00009055
2,1.012970,0.715510,0.947268,0.722186,0.00006580
3,0.685613,0.739159,0.952847,0.731847,0.00003520
4,0.560544,0.608399,0.961375,0.759020,0.00001045
5,0.579684,0.595787,0.960736,0.762391,0.00010000
6,0.536883,0.548057,0.965317,0.770090,0.00009758
7,0.459351,0.619945,0.960485,0.755397,0.00009055
8,0.413971,0.540965,0.965467,0.771247,0.00007960
9,0.380792,0.596918,0.966503,0.775021,0.00006580
10,0.371672,0.520509,0.966721,0.781865,0.00005050
11,0.347926,0.548436,0.968179,0.784029,0.00003520
12,0.333046,0.520591,0.969158,0.787702,0.00002140
13,0.258598,0.522508,0.968220,0.789866,0.00001045
14,0.226910,0.586088,0.969221,0.788306,0.00000342
15,0.304174,0.537748,0.969614,0.790469,0.00010000
16,0.298964,0.549037,0.964560,0.776481,0.00009939
17,0.304761,0.633231,0.967509,0.782972,0.00009758
18,0.257169,0.620383,0.964710,0.779500,0.00009460
19,0.261438,0.543543,0.964332,0.772858,0.00009055
20,0.279718,0.663559,0.966252,0.795703,0.00008550
21,0.279584,0.553534,0.966535,0.775575,0.00007960
22,0.266807,0.526895,0.965484,0.785790,0.00007297
23,0.285457,0.598901,0.963905,0.792130,0.00006580
24,0.236358,0.597961,0.968751,0.794394,0.00005824
25,0.262818,0.579690,0.966794,0.793388,0.00005050
26,0.251801,0.612175,0.967971,0.795753,0.00004276
27,0.231649,0.551717,0.968612,0.803754,0.00003520
28,0.250008,0.568153,0.967161,0.796156,0.00002803
29,0.229805,0.685656,0.968058,0.796810,0.00002140
30,0.231147,0.586261,0.970076,0.803603,0.00001550
31,0.219217,0.539761,0.969325,0.803905,0.00001045
32,0.250140,0.519204,0.969863,0.803653,0.00000640
33,0.219179,0.605310,0.969560,0.802596,0.00000342
34,0.215293,0.516829,0.970017,0.803301,0.00000161
35,0.230372,0.525929,0.970196,0.805364,0.00010000
36,0.215797,0.580665,0.969090,0.793539,0.00009985
37,0.236897,0.532502,0.966713,0.797514,0.00009939
38,0.228830,0.585356,0.966386,0.797866,0.00009863
39,0.225720,0.602684,0.967885,0.795049,0.00009758
40,0.233343,0.628783,0.967590,0.794243,0.00009623
41,0.245468,0.595471,0.965490,0.786947,0.00009460
42,0.197301,0.663803,0.965246,0.784029,0.00009271
43,0.231236,0.607901,0.964332,0.791526,0.00009055
44,0.222488,0.586197,0.962842,0.790117,0.00008814
45,0.221152,0.614445,0.963942,0.800231,0.00008550
46,0.227732,0.666438,0.959329,0.778242,0.00008265
47,0.240706,0.590076,0.964519,0.804358,0.00007960
48,0.197068,0.599067,0.966010,0.796558,0.00007636
49,0.220833,0.589613,0.966912,0.797615,0.00007297
50,0.235361,0.606222,0.965079,0.793891,0.00006944
51,0.233396,0.623430,0.964657,0.788054,0.00006580
52,0.173783,0.572755,0.967512,0.804358,0.00006206
53,0.220802,0.506546,0.966905,0.796709,0.00005824
54,0.190771,0.606753,0.968769,0.803200,0.00005438
55,0.206782,0.674570,0.965042,0.792684,0.00005050
56,0.211286,0.556007,0.964925,0.797917,0.00004662
57,0.222439,0.627448,0.967168,0.791878,0.00004276
1,1.600036,0.790943,0.941415,0.680924,0.00029290
1,1.666452,0.783475,0.934855,0.670457,0.00029290
2,0.633644,0.686088,0.953443,0.710411,0.00027231
3,0.430135,0.606223,0.962317,0.759020,0.00024023
4,0.378927,0.603849,0.965571,0.767876,0.00019981
5,0.326485,0.604864,0.963901,0.761737,0.00015500
6,0.313042,0.545458,0.968796,0.786545,0.00011019
7,0.282368,0.609260,0.967060,0.786545,0.00006977
8,0.274012,0.575472,0.970479,0.792633,0.00003769
9,0.247835,0.620363,0.969276,0.789866,0.00001710
10,0.254260,0.639874,0.969732,0.787551,0.00030000
11,0.293350,0.504108,0.967730,0.777386,0.00029290
12,0.292839,0.589928,0.964779,0.753032,0.00027231
13,0.274365,0.650403,0.956150,0.757762,0.00024023
14,0.284839,0.576959,0.963294,0.781362,0.00019981
15,0.278074,0.562818,0.965651,0.777638,0.00015500
16,0.247606,0.610195,0.965325,0.776632,0.00011019
17,0.233343,0.599748,0.966194,0.796910,0.00006977
18,0.221411,0.630713,0.967042,0.794898,0.00003769
19,0.222594,0.546065,0.968949,0.793036,0.00001710
20,0.216701,0.664611,0.967752,0.794243,0.00030000
21,0.300943,0.677652,0.955377,0.762743,0.00029290
22,0.239705,0.663192,0.958286,0.763196,0.00027231
23,0.244008,0.711022,0.964872,0.781412,0.00024023
24,0.202043,0.651957,0.960993,0.768027,0.00019981
25,0.201348,0.604702,0.963541,0.773311,0.00015500
26,0.193171,0.620849,0.962602,0.778393,0.00011019
27,0.204839,0.657302,0.963915,0.785538,0.00006977
28,0.187313,0.662348,0.964941,0.792583,0.00003769
29,0.216808,0.659395,0.965162,0.793539,0.00001710
30,0.203261,0.621126,0.965498,0.796055,0.00030000
31,0.226848,0.677591,0.956933,0.763498,0.00029290
32,0.212738,0.812709,0.959458,0.766417,0.00027231
33,0.212600,0.678138,0.956254,0.758416,0.00024023
34,0.216506,0.749380,0.954085,0.763045,0.00019981
35,0.230497,0.668202,0.962844,0.770392,0.00015500
36,0.170646,0.664844,0.965778,0.786293,0.00011019
37,0.187649,0.637818,0.964157,0.782469,0.00006977
38,0.173867,0.589092,0.967712,0.797766,0.00003769
39,0.200842,0.593998,0.965941,0.793942,0.00001710
40,0.186128,0.604449,0.965555,0.795954,0.00030000
41,0.202330,0.677508,0.952643,0.765410,0.00029290
42,0.195872,0.750185,0.959866,0.764354,0.00027231
43,0.208995,0.658953,0.959696,0.772606,0.00024023
44,0.219500,0.650123,0.957308,0.772203,0.00019981
1,2.587491,1.052102,0.910690,0.633523,0.00009055
2,0.945069,0.747742,0.944428,0.684798,0.00006580
3,0.670783,0.642841,0.954501,0.734715,0.00003520
4,0.592435,0.653924,0.958602,0.748050,0.00001045
5,0.533211,0.596547,0.962124,0.754944,0.00010000
6,0.537711,0.569902,0.964542,0.752579,0.00009758
7,0.421275,0.642059,0.963034,0.760278,0.00009055
8,0.382056,0.550961,0.964994,0.770996,0.00007960
9,0.351084,0.606546,0.964735,0.763398,0.00006580
10,0.319221,0.720961,0.965525,0.773059,0.00005050
11,0.339452,0.664958,0.966244,0.784481,0.00003520
12,0.305224,0.600818,0.969494,0.789211,0.00002140
13,0.281080,0.555964,0.968146,0.784683,0.00001045
14,0.282511,0.507106,0.968975,0.791124,0.00000342
15,0.294511,0.531113,0.969584,0.791476,0.00010000
16,0.304403,0.553916,0.964908,0.765410,0.00009939
17,0.346970,0.560920,0.968090,0.779399,0.00009758
18,0.282993,0.564425,0.967989,0.780707,0.00009460
19,0.260383,0.557029,0.970098,0.786092,0.00009055
20,0.286726,0.724910,0.964928,0.783425,0.00008550
21,0.259326,0.521302,0.969139,0.793388,0.00007960
22,0.281808,0.534846,0.970279,0.791325,0.00007297
23,0.262865,0.554066,0.970109,0.785287,0.00006580
24,0.255346,0.534155,0.969200,0.796508,0.00005824
25,0.238344,0.502879,0.969859,0.792734,0.00005050
26,0.236082,0.555598,0.971976,0.800835,0.00004276
27,0.218070,0.612051,0.969627,0.795904,0.00003520
28,0.235233,0.556213,0.971270,0.799879,0.00002803
29,0.237155,0.573411,0.970863,0.801137,0.00002140
30,0.244703,0.581204,0.969367,0.793539,0.00001550
31,0.230397,0.540919,0.970765,0.802949,0.00001045
32,0.214914,0.536775,0.971134,0.799124,0.00000640
33,0.239179,0.661195,0.968606,0.795803,0.00000342
34,0.242274,0.537879,0.971483,0.799527,0.00000161
35,0.233493,0.480597,0.971292,0.800533,0.00010000
36,0.251670,0.551767,0.968406,0.789966,0.00009985
37,0.219978,0.663019,0.968289,0.789916,0.00009939
38,0.226699,0.682146,0.966323,0.777135,0.00009863
39,0.213737,0.741875,0.964280,0.790319,0.00009758
40,0.245102,0.654785,0.966546,0.780707,0.00009623
41,0.244859,0.584172,0.968047,0.787450,0.00009460
42,0.225374,0.706406,0.963663,0.778493,0.00009271
43,0.247492,0.652659,0.964780,0.779802,0.00009055
44,0.226333,0.628272,0.964393,0.793589,0.00008814
45,0.256924,0.593131,0.966952,0.785689,0.00008550
46,0.195533,0.869031,0.966813,0.794294,0.00008265
47,0.218849,1.352942,0.953906,0.779953,0.00007960
48,0.249774,0.696221,0.967256,0.793942,0.00007636
49,0.203668,1.863142,0.947228,0.773260,0.00007297
50,0.209085,1.027917,0.958955,0.783223,0.00006944
51,0.196373,1.333313,0.956859,0.783878,0.00006580
52,0.211830,0.862069,0.964345,0.787400,0.00006206
53,0.219394,0.597178,0.970651,0.797565,0.00005824
54,0.202695,0.635408,0.967061,0.797313,0.00005438
55,0.200906,1.376222,0.962140,0.793942,0.00005050
56,0.212211,1.098259,0.961603,0.797866,0.00004662
57,0.200004,0.726924,0.966573,0.794042,0.00004276
58,0.185818,2.044817,0.957549,0.790017,0.00003894
59,0.187612,0.993035,0.959916,0.790117,0.00003520
60,0.181560,1.479369,0.958274,0.787903,0.00003156
1,0.234233,0.611089,0.965934,0.785035,0.00009055
2,0.251140,0.532514,0.970430,0.799124,0.00006580
3,0.212112,0.536129,0.969660,0.788708,0.00003520
4,0.261937,0.576674,0.970237,0.792684,0.00001045
5,0.217153,0.562420,0.970963,0.801691,0.00010000
6,0.223935,0.611447,0.967214,0.788205,0.00009758
7,0.220573,0.717058,0.965652,0.789765,0.00009055
8,0.190237,0.918946,0.963232,0.788859,0.00007960
9,0.215631,0.662157,0.969621,0.792281,0.00006580
10,0.223208,0.610200,0.967192,0.789866,0.00005050
11,0.226803,0.559020,0.972187,0.795803,0.00003520
12,0.247093,0.548736,0.970361,0.800181,0.00002140
13,0.232369,0.576403,0.971907,0.804962,0.00001045
14,0.225220,0.565172,0.972163,0.805062,0.00000342
15,0.232577,0.564232,0.972132,0.806672,0.00010000
16,0.223926,0.631418,0.967137,0.786997,0.00009939
17,0.223357,5.514484,0.944667,0.755850,0.00009758
18,0.228320,1.681418,0.952604,0.784532,0.00009460
19,0.201385,0.848862,0.964502,0.787148,0.00009055
20,0.199982,0.542088,0.964859,0.789312,0.00008550
21,0.224512,1.796119,0.954993,0.786394,0.00007960
22,0.179713,0.569814,0.968428,0.796810,0.00007297
23,0.225107,0.808704,0.965881,0.787551,0.00006580
24,0.192778,0.689290,0.965910,0.788255,0.00005824
25,0.184348,0.763382,0.966836,0.799527,0.00005050
26,0.185866,0.673493,0.971974,0.803301,0.00004276
27,0.184694,0.606206,0.970046,0.804156,0.00003520
28,0.183812,0.523260,0.971467,0.805565,0.00002803
29,0.207378,0.548228,0.972821,0.809541,0.00002140
30,0.204589,0.568147,0.973414,0.812258,0.00001550
31,0.190945,0.511685,0.972239,0.811704,0.00001045
32,0.208951,0.495317,0.973089,0.812308,0.00000640
33,0.218815,0.522415,0.973545,0.815327,0.00000342
34,0.187867,0.555371,0.973132,0.811906,0.00000161
35,0.182772,0.579023,0.972368,0.812711,0.00010000
36,0.173291,0.831435,0.961915,0.789010,0.00009985
37,0.182051,0.641321,0.967522,0.792834,0.00009939
38,0.204077,0.722395,0.967984,0.790922,0.00009863
39,0.233258,0.672908,0.967233,0.792533,0.00009758
40,0.212137,0.754256,0.965556,0.787350,0.00009623
41,0.203962,0.725968,0.961497,0.787853,0.00009460
42,0.222510,0.591347,0.968791,0.792784,0.00009271
43,0.197956,0.597757,0.966219,0.788507,0.00009055
44,0.200161,0.630330,0.967041,0.789161,0.00008814
45,0.205070,0.661363,0.967359,0.793891,0.00008550
46,0.178859,0.743243,0.966401,0.786746,0.00008265
47,0.167947,0.752921,0.960888,0.787450,0.00007960
48,0.186705,0.745510,0.963650,0.788356,0.00007636
49,0.180161,0.629213,0.966615,0.793690,0.00007297
50,0.177581,0.539879,0.967589,0.794042,0.00006944
51,0.166219,0.585421,0.966641,0.798521,0.00006580
52,0.170197,0.643147,0.963642,0.793690,0.00006206
53,0.175783,0.556741,0.964190,0.797565,0.00005824
54,0.178586,0.631815,0.967156,0.800181,0.00005438
55,0.172639,0.750524,0.962312,0.794143,0.00005050
56,0.182436,0.634656,0.966993,0.802647,0.00004662
57,0.184100,0.598005,0.967652,0.806823,0.00004276
1,2.717645,1.078138,0.908596,0.629699,0.00009055
1,2.883303,1.487802,0.902823,0.635938,0.00009055
2,1.046171,0.763871,0.939777,0.714739,0.00006580
3,0.713266,0.639649,0.952002,0.731898,0.00003520
4,0.556536,0.639295,0.955595,0.745031,0.00001045
5,0.526235,0.628931,0.955409,0.750113,0.00010000
6,0.563967,0.582142,0.955182,0.751925,0.00009758
7,0.448085,0.562263,0.961742,0.767926,0.00009055
8,0.423911,0.539609,0.962432,0.769637,0.00007960
9,0.359239,0.597916,0.961274,0.771902,0.00006580
10,0.321310,0.539132,0.967612,0.784481,0.00005050
11,0.343601,0.520707,0.967479,0.781965,0.00003520
12,0.297357,0.609200,0.966437,0.788356,0.00002140
13,0.293070,0.527034,0.969376,0.792885,0.00001045
14,0.278359,0.575955,0.969057,0.794545,0.00000342
15,0.322560,0.523842,0.969419,0.795602,0.00010000
16,0.280275,0.590738,0.966179,0.780154,0.00009939
17,0.293608,0.526277,0.968305,0.790419,0.00009758
18,0.284507,0.639863,0.962572,0.757963,0.00009460
19,0.306511,0.541331,0.966967,0.791073,0.00009055
20,0.314593,0.537297,0.967691,0.792382,0.00008550
21,0.279034,0.487303,0.970417,0.795552,0.00007960
22,0.276827,0.592803,0.969401,0.793740,0.00007297
23,0.265531,0.463595,0.971966,0.799477,0.00006580
24,0.277390,0.477741,0.969038,0.789614,0.00005824
25,0.260791,0.502892,0.970517,0.791174,0.00005050
26,0.238891,0.568068,0.970093,0.802647,0.00004276
27,0.264555,0.520814,0.967602,0.796961,0.00003520
28,0.237374,0.550010,0.969219,0.805062,0.00002803
29,0.228619,0.542511,0.969941,0.801288,0.00002140
30,0.255669,0.483653,0.970977,0.806521,0.00001550
31,0.207263,0.523180,0.970941,0.802596,0.00001045
32,0.241451,0.486014,0.970029,0.802546,0.00000640
33,0.238260,0.588372,0.969409,0.802295,0.00000342
34,0.241194,0.547449,0.970073,0.805565,0.00000161
35,0.266217,0.582002,0.970086,0.804911,0.00010000
36,0.258210,0.504594,0.967636,0.797464,0.00009985
37,0.254087,0.651557,0.962140,0.790067,0.00009939
38,0.286493,0.507580,0.969210,0.800483,0.00009863
39,0.246408,0.562710,0.966294,0.790017,0.00009758
40,0.217639,0.475213,0.968672,0.802345,0.00009623
41,0.211704,0.658922,0.963911,0.788356,0.00009460
42,0.227997,0.665193,0.965174,0.779097,0.00009271
43,0.255763,0.588189,0.965065,0.787249,0.00009055
44,0.230001,0.581406,0.965417,0.785035,0.00008814
45,0.243599,0.534211,0.965971,0.793338,0.00008550
46,0.227993,0.572753,0.962752,0.788507,0.00008265
47,0.223149,0.523822,0.965317,0.793841,0.00007960
48,0.225436,0.588891,0.966894,0.793992,0.00007636
49,0.214656,0.591603,0.964201,0.782116,0.00007297
50,0.222537,0.514917,0.967272,0.795451,0.00006944
51,0.220519,0.536962,0.968107,0.792231,0.00006580
52,0.187123,0.590469,0.965472,0.787954,0.00006206
53,0.221839,0.566370,0.964253,0.788809,0.00005824
54,0.223679,0.534518,0.970110,0.800081,0.00005438
55,0.197206,0.579060,0.966815,0.799879,0.00005050
1,0.264004,0.605972,0.967518,0.795552,0.00009055
2,0.227232,0.491475,0.967843,0.788004,0.00006580
3,0.264050,0.495333,0.968389,0.790570,0.00003520
4,0.256821,0.529624,0.970435,0.798420,0.00001045
5,0.232438,0.535361,0.969948,0.800936,0.00010000
6,0.207826,0.527904,0.970545,0.788759,0.00009758
7,0.223662,0.619028,0.967144,0.778041,0.00009055
8,0.214172,0.645964,0.966894,0.784230,0.00007960
9,0.227473,0.568158,0.967483,0.789061,0.00006580
10,0.219551,0.548648,0.970306,0.805112,0.00005050
11,0.212102,0.611384,0.968643,0.803049,0.00003520
12,0.216101,0.496787,0.968269,0.801640,0.00002140
13,0.201539,0.517981,0.968888,0.802697,0.00001045
14,0.198039,0.523443,0.970141,0.802546,0.00000342
15,0.215664,0.520213,0.969584,0.803955,0.00010000
16,0.238152,0.645558,0.966313,0.788608,0.00009939
17,0.234171,0.574288,0.964563,0.778896,0.00009758
18,0.228951,0.617032,0.967040,0.793489,0.00009460
19,0.216184,0.658236,0.962421,0.781513,0.00009055
20,0.211714,0.707360,0.960074,0.780557,0.00008550
21,0.221765,0.640309,0.962325,0.793438,0.00007960
22,0.224230,0.625677,0.960961,0.792180,0.00007297
23,0.213424,0.571907,0.966989,0.800181,0.00006580
24,0.204939,0.658867,0.963435,0.799477,0.00005824
25,0.217845,0.586434,0.963839,0.794294,0.00005050
26,0.198312,0.620107,0.963206,0.797665,0.00004276
27,0.201895,0.543835,0.966807,0.806924,0.00003520
28,0.214287,0.595390,0.966684,0.807528,0.00002803
29,0.202607,0.615798,0.967682,0.802345,0.00002140
30,0.189473,0.613231,0.967920,0.803905,0.00001550
31,0.185843,0.573292,0.967863,0.808735,0.00001045
32,0.214305,0.575114,0.968163,0.806874,0.00000640
33,0.172485,0.566528,0.968852,0.807729,0.00000342
34,0.205714,0.563389,0.968140,0.807427,0.00000161
35,0.194343,0.555005,0.968731,0.806874,0.00010000
36,0.196308,0.649161,0.963789,0.778594,0.00009985
37,0.212165,0.632369,0.963466,0.786293,0.00009939
