epoch,train_loss,val_loss,val_auc,accuracy,lr
1,0.236618,0.683413,0.967974,0.780255,0.00004527
2,0.243872,0.593870,0.967750,0.793036,0.00003290
3,0.212415,0.639610,0.967050,0.792482,0.00001760
4,0.213956,0.626664,0.968464,0.797816,0.00000523
5,0.218169,0.640070,0.968178,0.797313,0.00005000
6,0.215706,0.524245,0.971294,0.802496,0.00004879
7,0.220631,1.473235,0.960429,0.791426,0.00004527
8,0.212562,1.380573,0.959213,0.787199,0.00003980
9,0.253448,1.054890,0.961735,0.784381,0.00003290
10,0.216823,0.802507,0.966072,0.796256,0.00002525
11,0.224805,1.444810,0.958453,0.791677,0.00001760
12,0.213739,1.226474,0.960320,0.789111,0.00001070
13,0.195578,1.923906,0.952953,0.781311,0.00000523
14,0.191512,1.413021,0.957865,0.787299,0.00000171
15,0.209447,1.354561,0.956561,0.784834,0.00005000
16,0.214651,0.723851,0.963502,0.786041,0.00004970
17,0.233783,1.677547,0.956214,0.774719,0.00004879
18,0.190433,1.611342,0.955247,0.781764,0.00004730
19,0.209528,2.159969,0.948235,0.770996,0.00004527
20,0.242354,0.913813,0.961645,0.792180,0.00004275
21,0.225516,1.257188,0.957348,0.778242,0.00003980
22,0.223334,1.679465,0.954525,0.781714,0.00003649
23,0.216353,4.030789,0.945638,0.774619,0.00003290
24,0.208144,2.348920,0.956890,0.787148,0.00002912
25,0.199303,1.230259,0.959536,0.784330,0.00002525
26,0.215455,1.880649,0.954965,0.784683,0.00002138
27,0.216073,2.129437,0.952206,0.784280,0.00001760
28,0.200361,3.699323,0.949146,0.779248,0.00001401
29,0.170211,2.425451,0.952050,0.780104,0.00001070
30,0.206780,2.146362,0.954287,0.784079,0.00000775
31,0.194942,2.556854,0.950982,0.782368,0.00000523
1,0.217025,0.568522,0.969486,0.798319,0.00004527
2,0.236355,0.575820,0.967714,0.789765,0.00003290
3,0.225931,0.606034,0.969737,0.796508,0.00001760
4,0.198297,0.565002,0.970031,0.798269,0.00000523
5,0.212070,0.783451,0.965946,0.792684,0.00005000
6,0.208541,0.613747,0.966372,0.788910,0.00004879
7,0.197352,0.754815,0.966507,0.794193,0.00004527
8,0.200476,0.559289,0.969499,0.790268,0.00003980
9,0.220544,0.871052,0.959284,0.782217,0.00003290
10,0.231014,0.610566,0.967275,0.788356,0.00002525
11,0.213364,0.991157,0.959883,0.785538,0.00001760
12,0.217918,0.591436,0.968771,0.795099,0.00001070
13,0.213247,0.706424,0.964853,0.792029,0.00000523
14,0.198455,0.717321,0.966541,0.794847,0.00000171
15,0.224364,0.627486,0.968152,0.796608,0.00005000
16,0.199486,0.619975,0.963358,0.776984,0.00004970
17,0.207072,1.223521,0.952430,0.773864,0.00004879
18,0.224496,1.136846,0.959607,0.782720,0.00004730
19,0.233002,1.007307,0.960888,0.779953,0.00004527
20,0.202604,0.689261,0.968313,0.794797,0.00004275
21,0.219933,0.549010,0.970578,0.791073,0.00003980
22,0.229997,2.082699,0.952671,0.776934,0.00003649
23,0.187318,0.576328,0.970368,0.794696,0.00003290
24,0.237438,1.713640,0.954281,0.780909,0.00002912
25,0.184075,3.614285,0.942889,0.770493,0.00002525
26,0.234245,1.189903,0.958792,0.787299,0.00002138
1,0.187499,0.520558,0.971571,0.796659,0.00009055
2,0.211543,0.599554,0.966852,0.786041,0.00006580
3,0.221760,0.577864,0.968897,0.797112,0.00003520
4,0.221408,0.489406,0.970233,0.795552,0.00001045
5,0.177039,0.527887,0.970548,0.800030,0.00010000
6,0.206908,1.304676,0.958515,0.785035,0.00009758
7,0.191221,0.625706,0.966801,0.783827,0.00009055
8,0.193227,0.584502,0.969986,0.795099,0.00007960
9,0.185599,0.624480,0.965891,0.788557,0.00006580
10,0.217005,0.697356,0.963241,0.788507,0.00005050
11,0.187035,0.911101,0.963829,0.791174,0.00003520
12,0.202546,0.628405,0.967190,0.791124,0.00002140
13,0.217955,0.602137,0.968045,0.799175,0.00001045
14,0.187648,0.640105,0.969045,0.800785,0.00000342
15,0.194630,0.541649,0.969188,0.800332,0.00010000
16,0.174340,0.614685,0.967079,0.786394,0.00009939
17,0.171788,0.563591,0.964213,0.783324,0.00009758
18,0.210235,0.746550,0.961367,0.772556,0.00009460
19,0.191049,0.921879,0.962667,0.790822,0.00009055
20,0.187625,0.673578,0.966798,0.787551,0.00008550
1,0.173779,0.574861,0.967857,0.781462,0.00009055
2,0.196847,0.592249,0.968953,0.788054,0.00006580
3,0.200621,0.588175,0.968697,0.794243,0.00003520
4,0.192482,0.565944,0.968373,0.796508,0.00001045
5,0.200128,0.608992,0.968793,0.798319,0.00010000
6,0.237894,0.580622,0.968533,0.791577,0.00009758
7,0.197537,0.535841,0.968196,0.798420,0.00009055
8,0.215219,0.579362,0.966949,0.785538,0.00007960
9,0.181321,0.510518,0.967111,0.793539,0.00006580
10,0.156553,0.591179,0.966372,0.789564,0.00005050
11,0.183377,0.745983,0.965278,0.800886,0.00003520
12,0.224163,0.645992,0.966055,0.800584,0.00002140
13,0.182799,0.567128,0.968618,0.804257,0.00001045
14,0.186995,0.537778,0.968851,0.805364,0.00000342
15,0.193267,0.559832,0.968867,0.802949,0.00010000
16,0.167443,0.710343,0.964314,0.776179,0.00009939
17,0.203179,0.585506,0.969637,0.800533,0.00009758
18,0.214952,0.680420,0.967969,0.795954,0.00009460
19,0.191137,0.823044,0.965853,0.794495,0.00009055
20,0.194151,0.637695,0.966953,0.795803,0.00008550
21,0.212229,0.605202,0.966902,0.786645,0.00007960
22,0.175419,1.210167,0.960915,0.794998,0.00007297
23,0.158514,0.686988,0.966253,0.792784,0.00006580
24,0.173575,0.615197,0.965518,0.792784,0.00005824
25,0.167522,0.575267,0.966413,0.798571,0.00005050
26,0.201524,0.521113,0.966901,0.798269,0.00004276
27,0.186829,0.574947,0.968085,0.802093,0.00003520
28,0.146647,0.569194,0.968249,0.805666,0.00002803
29,0.150888,0.586319,0.968892,0.805817,0.00002140
30,0.188286,0.628492,0.968881,0.804257,0.00001550
31,0.192576,0.574576,0.968553,0.804458,0.00001045
32,0.187185,0.535426,0.968063,0.804559,0.00000640
33,0.204786,0.519191,0.968061,0.806069,0.00000342
34,0.166859,0.512573,0.967998,0.805716,0.00000161
35,0.147647,0.555883,0.968249,0.805364,0.00010000
36,0.172887,0.590001,0.966103,0.791677,0.00009985
37,0.214876,0.631229,0.964962,0.789765,0.00009939
38,0.145119,0.589035,0.966010,0.795300,0.00009863
39,0.213125,0.675710,0.963412,0.782318,0.00009758
40,0.189915,0.575195,0.964130,0.789362,0.00009623
41,0.176048,0.596113,0.964989,0.794344,0.00009460
42,0.185480,0.543777,0.963572,0.791878,0.00009271
43,0.167434,0.525084,0.969600,0.803200,0.00009055
44,0.183088,0.578390,0.966801,0.796458,0.00008814
45,0.168185,0.529150,0.964968,0.786947,0.00008550
46,0.132755,0.566913,0.965255,0.789614,0.00008265
47,0.187886,0.522215,0.965714,0.791174,0.00007960
48,0.183092,0.682225,0.965348,0.796206,0.00007636
49,0.152340,0.553256,0.968558,0.796206,0.00007297
50,0.181659,0.515352,0.968807,0.799779,0.00006944
51,0.175926,0.523176,0.968888,0.807025,0.00006580
52,0.173694,0.510410,0.966134,0.798823,0.00006206
53,0.178604,0.628879,0.966207,0.796910,0.00005824
54,0.182571,0.475384,0.966827,0.810044,0.00005438
55,0.138881,0.554686,0.966373,0.798722,0.00005050
56,0.167060,0.506685,0.967265,0.806169,0.00004662
57,0.173136,0.548982,0.966825,0.800936,0.00004276
58,0.167442,0.710585,0.964963,0.802244,0.00003894
59,0.151182,0.588080,0.967292,0.802949,0.00003520
60,0.186396,0.577118,0.966979,0.803251,0.00003156
61,0.154546,0.593066,0.966128,0.803905,0.00002803
62,0.162317,0.513611,0.966514,0.803754,0.00002464
63,0.164364,0.521150,0.965160,0.801791,0.00002140
64,0.175643,0.644078,0.966058,0.803402,0.00001835
65,0.181764,0.525728,0.967622,0.804962,0.00001550
66,0.148794,0.544771,0.967732,0.803502,0.00001286
67,0.156610,0.525252,0.968876,0.807880,0.00001045
68,0.151883,0.510928,0.968275,0.805716,0.00000829
69,0.137650,0.508334,0.968426,0.808232,0.00000640
70,0.139947,0.545877,0.968836,0.808534,0.00000477
71,0.153948,0.532008,0.968226,0.807226,0.00000342
72,0.167360,0.545290,0.968118,0.806974,0.00000237
73,0.150102,0.515458,0.968212,0.807125,0.00000161
74,0.166533,0.525906,0.968765,0.807628,0.00000115
75,0.186076,0.507196,0.967652,0.806924,0.00010000
76,0.193577,0.485705,0.965671,0.806018,0.00009996
77,0.161976,0.601944,0.970303,0.792935,0.00009985
78,0.157156,0.691578,0.960709,0.787450,0.00009966
79,0.161924,0.623059,0.966625,0.788306,0.00009939
1,1.595445,1.145442,0.798420,0.00009055
2,1.492543,1.156006,0.792834,0.00006580
3,1.566142,1.125465,0.804609,0.00003520
4,1.685158,1.164838,0.803351,0.00001045
5,1.590322,1.191701,0.803955,0.00010000
6,1.562051,1.172345,0.801842,0.00009758
7,1.563473,1.205226,0.799426,0.00009055
8,1.693196,1.156618,0.797414,0.00007960
9,1.505162,1.126285,0.802144,0.00006580
10,1.592889,1.205767,0.795652,0.00005050
11,1.514751,1.169502,0.799175,0.00003520
12,1.584050,1.118351,0.801791,0.00002140
13,1.590617,1.107982,0.797464,0.00001045
14,1.514387,1.097322,0.798722,0.00000342
15,1.583094,1.143962,0.798973,0.00010000
16,1.427509,1.223899,0.794344,0.00009939
17,1.412743,1.195121,0.795602,0.00009758
18,1.484087,1.362586,0.790268,0.00009460
19,1.492671,1.156148,0.802093,0.00009055
20,1.447910,1.273803,0.791375,0.00008550
21,1.514522,1.140957,0.792834,0.00007960
22,1.432344,1.144481,0.793640,0.00007297
23,1.485905,1.160719,0.787954,0.00006580
24,1.471664,1.306580,0.788004,0.00005824
25,1.552122,1.204883,0.792281,0.00005050
26,1.543619,1.145133,0.795954,0.00004276
27,1.513830,1.213502,0.789614,0.00003520
28,1.568072,1.249719,0.796558,0.00002803
1,1.774230,1.434956,0.785085,0.00009055
2,1.830188,1.311709,0.789413,0.00006580
3,1.667755,1.242787,0.791224,0.00003520
4,1.676330,1.306124,0.787450,0.00001045
5,1.577023,1.383394,0.791577,0.00010000
6,1.789062,1.444467,0.787299,0.00009758
7,1.623578,1.125656,0.782720,0.00009055
8,1.764178,1.161822,0.775374,0.00007960
9,1.764405,1.099702,0.773160,0.00006580
10,1.797922,1.118781,0.777739,0.00005050
11,1.776812,1.119990,0.782972,0.00003520
12,1.843558,1.139444,0.780053,0.00002140
13,1.711266,1.290631,0.786041,0.00001045
14,1.725966,1.197179,0.783425,0.00000342
15,1.756915,1.171766,0.785136,0.00010000
16,1.774450,1.601244,0.786444,0.00009939
17,1.739411,1.335299,0.785538,0.00009758
18,1.788281,1.257602,0.787199,0.00009460
19,1.653604,1.204488,0.787148,0.00009055
20,1.699338,1.266927,0.790168,0.00008550
21,1.639375,1.144727,0.789715,0.00007960
22,1.632024,1.291170,0.788255,0.00007297
23,1.774711,1.383911,0.788608,0.00006580
24,1.697535,1.214549,0.783274,0.00005824
25,1.727697,1.045496,0.794193,0.00005050
26,1.726914,1.058919,0.795602,0.00004276
27,1.693971,1.052801,0.794344,0.00003520
28,1.735035,1.120410,0.796206,0.00002803
29,1.717906,1.060150,0.793489,0.00002140
30,1.773727,1.091156,0.792734,0.00001550
31,1.696974,1.147490,0.793187,0.00001045
32,1.789830,1.116255,0.794747,0.00000640
33,1.662841,1.116886,0.792985,0.00000342
34,1.670390,1.130716,0.793338,0.00000161
35,1.548978,1.112644,0.791878,0.00010000
36,1.659955,1.152339,0.795904,0.00009985
37,1.650136,1.136969,0.786897,0.00009939
38,1.562083,1.080186,0.796256,0.00009863
39,1.625207,1.164588,0.790168,0.00009758
40,1.658468,1.117716,0.792029,0.00009623
41,1.649832,1.114263,0.790520,0.00009460
42,1.677045,1.123723,0.794143,0.00009271
43,1.560102,1.100337,0.793187,0.00009055
44,1.558369,1.141774,0.792180,0.00008814
45,1.672553,1.156082,0.795854,0.00008550
46,1.580990,1.177175,0.795300,0.00008265
47,1.522529,1.152755,0.796709,0.00007960
48,1.516030,1.093516,0.798672,0.00007636
49,1.517551,1.111367,0.797112,0.00007297
50,1.476100,1.167873,0.791224,0.00006944
